"","ResponseID","ResponseSet","Name","ExternalDataReference","EmailAddress","IPAddress","Status","StartDate","EndDate","Finished","workerId","assignmentId","hitId","Q2_1","Q6","Q4","Q18_1","Q18_2","Q18_3","Q18_4","inst_moral","Q17_1","Q17_2","Q17_3","Q17_4","Earthquake","Tornado","Fastfood","Marine","Police","Mugging","Crushed","Dysentery","Cancer","Drunk","Football","Check_trial","Heater","Theft","Heroin","Flattire","Scratched","Dark","BrokenInto","Corruption","Rape","trial_t_1.1.","trial_t_2.1.","trial_t_3.1.","trial_t_4.1.","trial_t_1.2.","trial_t_2.2.","trial_t_3.2.","trial_t_4.2.","trial_t_1.3.","trial_t_2.3.","trial_t_3.3.","trial_t_4.3.","trial_t_1.4.","trial_t_2.4.","trial_t_3.4.","trial_t_4.4.","trial_t_1.5.","trial_t_2.5.","trial_t_3.5.","trial_t_4.5.","trial_t_1.6.","trial_t_2.6.","trial_t_3.6.","trial_t_4.6.","trial_t_1.7.","trial_t_2.7.","trial_t_3.7.","trial_t_4.7.","trial_t_1.8.","trial_t_2.8.","trial_t_3.8.","trial_t_4.8.","trial_t_1.9.","trial_t_2.9.","trial_t_3.9.","trial_t_4.9.","trial_t_1.10.","trial_t_2.10.","trial_t_3.10.","trial_t_4.10.","trial_t_1.11.","trial_t_2.11.","trial_t_3.11.","trial_t_4.11.","trial_t_1.23.","trial_t_2.23.","trial_t_3.23.","trial_t_4.23.","trial_t_1.25.","trial_t_2.25.","trial_t_3.25.","trial_t_4.25.","trial_t_1.26.","trial_t_2.26.","trial_t_3.26.","trial_t_4.26.","trial_t_1.28.","trial_t_2.28.","trial_t_3.28.","trial_t_4.28.","trial_t_1.30.","trial_t_2.30.","trial_t_3.30.","trial_t_4.30.","trial_t_1.31.","trial_t_2.31.","trial_t_3.31.","trial_t_4.31.","trial_t_1.32.","trial_t_2.32.","trial_t_3.32.","trial_t_4.32.","trial_t_1.33.","trial_t_2.33.","trial_t_3.33.","trial_t_4.33.","trial_t_1.34.","trial_t_2.34.","trial_t_3.34.","trial_t_4.34.","trial_t_1.35.","trial_t_2.35.","trial_t_3.35.","trial_t_4.35.","Q19","why","thoughts","Q8","sex","age","attn","Q25","LocationLatitude","LocationLongitude","LocationAccuracy"
"1","R_1K2SP3IyLbtpTpi","Default Response Set","Anonymous",NA,NA,"650b30154cd11d1d",1,"3/21/18 8:10","3/21/18 8:19",1,"7ec814c61dce5e60",NA,NA,NA,1,1,NA,NA,NA,NA,1,NA,NA,NA,NA,NA,NA,NA,NA,NA,NA,NA,NA,NA,NA,NA,NA,NA,NA,NA,NA,NA,NA,NA,NA,NA,0,0,1.465,0,0,0,2.677,0,0,0,72.329,0,0,0,1.222,0,1.045,1.045,2.098,1,0,0,1.137,0,0,0,2.527,0,0,0,1.64,0,0,0,1.71,0,0,0,1.103,0,0,0,1.423,0,0,0,1.087,0,0,0,1.814,0,0,0,12.798,0,0,0,1.362,0,6.085,6.085,11.083,1,0,0,1.486,0,0,0,0.764,0,0,0,1.722,0,1.047,2.11,2.734,2,0,0,0.737,0,1,"","",1,NA,NA,NA,1,33.45,-112.07,-1
"2","R_2TGCxnPsfr2n4Zx","Default Response Set","Anonymous",NA,NA,"650b30154cd11d1d",1,"3/21/18 14:14","3/21/18 14:18",1,"7ec814c61dce5e60",NA,NA,NA,1,1,0,0,3.898,0,1,6.334,6.334,6.667,1,NA,NA,NA,NA,NA,NA,NA,NA,NA,NA,NA,NA,NA,NA,NA,NA,NA,NA,NA,NA,NA,0,0,8.897,0,3.429,3.429,3.681,1,0,0,13.321,0,0,0,13.266,0,0,0,8.794,0,0,0,17.639,0,2.415,2.415,8.209,1,6.387,7.933,11.093,2,0,0,3.165,0,0,0,5.508,0,0,0,4.984,0,0,0,6.593,0,0,0,14.127,0,0,0,8.058,0,0,0,4.21,0,0,0,6.409,0,0,0,3.283,0,0,0,5.11,0,0,0,15.169,0,0,0,12.82,0,0,0,3.601,0,1,"","",1,NA,NA,NA,1,33.41,-111.91,-1
"3","R_UmX4jEUsB7oA3Yd","Default Response Set","Anonymous",NA,NA,"650b30154cd11d1d",1,"3/21/18 15:00","3/21/18 15:16",1,"7ec814c61dce5e60",NA,NA,1,1,1,0,0,5.595,0,1,0,0,17.541,0,1,1,1,2,1,2,2,1,5,1,1,5,4,5,4,4,5,5,3,1,5,2.604,2.604,3.581,1,56.791,59.622,60.508,4,8.611,8.611,9.42,1,1.255,4.887,5.789,2,5.731,5.731,6.96,1,2.914,2.914,3.775,1,2.345,3.627,4.962,3,2.56,2.56,3.367,1,8.746,50.823,51.505,2,10.095,10.095,11.247,1,2.91,4.254,4.58,2,3.199,3.8,11.024,2,3.827,5.772,6.398,2,4.369,4.369,4.986,1,7.812,7.812,9.081,1,9.615,9.615,10.966,1,3.075,3.075,3.982,1,6.144,7.065,7.399,3,5.135,5.135,8.642,1,3.609,3.609,4.777,1,1.601,2.335,3.128,2,1,"experimenter","experimenter",1,1,99,0,1,37.42,-122.17,-1
"4","R_1hKcByQzAYojEsB","Default Response Set","Anonymous",NA,NA,"ce34ab188f62a7ad",0,"3/22/18 10:09","3/22/18 10:10",1,"7ec814c61dce5e60",NA,NA,1,1,1,0.318,0.318,16.504,1,1,5.786,5.786,5.939,1,4,4,2,3,1,2,4,1,4,4,1,3,3,1,3,1,4,4,2,1,2,0.109,0.109,0.551,1,0.138,0.138,0.946,1,0.101,0.101,0.536,1,0.104,0.104,0.497,1,0.067,0.067,0.668,1,0.303,0.895,1.065,3,0.16,0.16,0.473,1,1.674,1.674,2.187,1,0.081,0.081,0.514,1,0.157,0.476,0.694,2,0.025,0.025,0.507,1,0.153,0.553,0.729,2,0.203,0.203,0.621,1,0.075,0.075,0.533,1,0.05,0.05,0.436,1,0.056,0.056,0.489,1,3.353,4.144,4.449,3,0.383,0.383,0.84,1,0.036,0.036,0.573,1,0.117,0.117,0.496,1,0.071,0.071,0.513,1,1,"I just went with my honesty.","na",1,2,22,1,1,34.1,-117.97,-1
"5","R_4YPzhXTOO6EYPxT","Default Response Set","Anonymous",NA,NA,"cade26f41905e8b1",0,"3/22/18 10:09","3/22/18 10:11",1,"7ec814c61dce5e60",NA,NA,1,1,1,0.325,0.325,7.213,1,1,0,0,15.93,0,3,3,2,3,3,3,1,3,3,4,3,3,3,3,3,3,3,2,3,3,3,0.285,0.285,0.851,1,0.286,0.286,0.835,1,0.212,0.9,1.35,2,0.591,0.591,1.181,1,0.447,0.447,1.161,1,0.318,0.318,0.797,1,2.385,6.177,7.209,2,0.923,0.923,1.465,1,0.243,1.131,1.421,3,0.193,0.193,0.876,1,0.458,0.458,1.023,1,0.384,0.384,0.913,1,0.372,0.372,0.881,1,0.396,0.973,1.496,2,0.263,0.263,0.779,1,0.47,0.47,1.293,1,0.22,0.86,1.337,2,0.216,0.727,1.027,2,0.391,0.951,1.227,2,0.371,0.836,1.19,2,0.308,0.308,0.847,1,1,"Most dealt with experience and information based that I have received in the news.","n/a",1,1,30,0,1,35.21,-80.86,-1
"6","R_3EzNngP6yKChjNL","Default Response Set","Anonymous",NA,NA,"37177e745e4d2f8f",0,"3/22/18 10:09","3/22/18 10:12",1,"7ec814c61dce5e60",NA,NA,1,1,1,2.679,3.319,3.798,4,1,1.059,5.811,6.338,14,1,3,2,1,1,2,2,1,5,2,1,5,5,4,5,5,5,4,5,5,5,2.243,2.243,2.912,1,2.988,4.485,4.835,3,0.905,4.209,4.722,11,3.48,5,6.576,3,0.605,5.926,6.725,19,2.942,2.942,4.125,1,2.433,2.433,3.897,1,2.196,2.7,3.301,2,1.847,2.133,3.015,2,3.097,3.097,4.129,1,2.184,4.503,4.719,7,3.415,4.439,4.728,2,2.959,2.959,3.601,1,0.745,6.416,7.032,17,2.056,2.576,2.777,2,5.479,5.479,6.038,1,0.644,3.283,3.553,6,2.642,3.514,4.001,2,2.634,2.634,3.401,1,0.872,4.465,5.24,12,2.207,2.207,2.815,1,1,"I based my answers on my own experiences reading news reports and such.","No comments.",1,1,27,1,1,35.06,-106.48,-1
"7","R_cM7oyqDFgxzvhap","Default Response Set","Anonymous",NA,NA,"eb0e0fd091dec00c",0,"3/22/18 10:09","3/22/18 10:12",1,"7ec814c61dce5e60",NA,NA,1,1,1,0,0,12.163,0,1,0,0,5.558,0,2,1,1,1,1,1,1,1,5,1,1,5,5,4,5,5,5,5,5,5,5,1.366,3.653,4.435,2,8.178,8.459,9.247,2,2.9,2.9,3.572,1,2.568,2.568,3.263,1,2.755,3.396,3.995,2,1.951,1.951,2.673,1,7.854,7.854,9.097,1,13.388,13.388,14.037,1,2.226,2.226,3.096,1,3.177,3.177,3.926,1,2.453,5.072,5.757,2,3.039,3.039,3.761,1,3.654,3.93,4.432,2,6.678,7.16,8.557,2,1.789,1.789,2.221,1,8.288,8.288,8.87,1,2.908,2.908,3.434,1,1.066,1.066,2.379,1,1.717,1.717,2.666,1,4.971,5.711,6.694,2,1.772,1.772,2.499,1,1,"From general knowledge. Such as, Detroit is very dangerous thus I would say it is more likely to be assaulted or robbed in Detroit than in Denver.","No",1,2,26,1,1,33.88,-117.96,-1
"8","R_2xUZTPAQegWAXRu","Default Response Set","Anonymous",NA,NA,"e25cbf4e67f1e1d2",0,"3/22/18 10:09","3/22/18 10:13",1,"7ec814c61dce5e60",NA,NA,1,1,1,0.919,4.126,4.182,2,1,5.997,5.997,6.161,1,3,1,3,1,3,3,2,3,3,3,5,5,3,3,1,2,5,1,4,2,5,0,0,1.184,0,18.019,18.019,19.376,1,0,0,0.512,0,60.908,60.908,61.097,1,0,0,1.195,0,0,0,1.578,0,0,0,0.603,0,0,0,2.772,0,2.351,2.351,2.5,1,0,0,0.869,0,0,0,2.771,0,0,0,8.854,0,0,0,1.173,0,84.492,84.492,85.407,1,0,0,2.755,0,0,0,1.582,0,0,0,2.597,0,0,0,1.827,0,0,0,0.805,0,0,0,1.11,0,8.54,8.54,8.907,1,1,"NOne","no",1,1,26,1,1,31.15,-85.41,-1
"9","R_3fZea1FABUB9ChA","Default Response Set","Anonymous",NA,NA,"5b3a1596b4bca2fd",0,"3/22/18 10:09","3/22/18 10:13",1,"7ec814c61dce5e60",NA,NA,1,1,1,0,0,4.082,0,1,0,0,5.937,0,1,1,1,4,1,3,1,1,5,1,2,5,5,3,4,4,5,5,3,4,4,3.604,3.608,5.56,2,3.23,3.235,4.23,2,6.126,6.13,7.438,2,10.732,10.738,12.05,2,5.622,5.626,6.532,2,4.258,4.262,5.202,2,4.333,4.341,5.162,2,3.924,3.929,4.901,2,3.962,3.968,5.658,2,3.549,3.555,4.732,2,7.462,7.469,8.348,2,5.076,5.082,6.558,2,7.451,7.454,8.88,2,10.886,10.892,12.006,2,5.541,5.547,6.543,2,7.749,7.756,8.421,2,3.031,3.039,4.018,2,3.327,3.332,4.156,2,5.648,5.654,6.549,2,5.893,5.898,7.022,2,5.161,5.167,5.916,2,1,"I just judged the likelihood of the scenario","",1,2,60,1,1,41.9,-72.16,-1
"10","R_2qz4JV7K9R6eClC","Default Response Set","Anonymous",NA,NA,"8b5541f1f0164c7b",0,"3/22/18 10:09","3/22/18 10:14",1,"7ec814c61dce5e60",NA,NA,1,1,1,0,0,4.231,0,1,0,0,6.663,0,1,1,3,2,1,2,1,2,4,1,1,5,5,3,4,2,5,5,3,5,4,5.115,5.115,6.105,1,5.308,5.308,6.685,1,10.048,10.048,11.244,1,11.419,11.419,13.463,1,11.946,11.946,13.136,1,4.657,4.657,5.896,1,4.489,4.489,5.724,1,5.94,7.078,8.667,2,6.83,6.83,7.838,1,5.48,5.48,6.594,1,9.752,11.274,11.694,2,6.231,6.231,7.498,1,7.807,7.807,8.89,1,9.841,9.841,10.886,1,7.687,7.687,8.716,1,12.248,12.248,13.41,1,6.267,6.267,7.067,1,4.277,4.277,5.291,1,7.246,7.246,8.252,1,5.542,5.542,6.756,1,9.665,9.665,21.371,1,1,"I just thought about what would be more likely according the my knowledge.","no",1,2,36,1,1,43.77,-88.02,-1
"11","R_2DYdjncWP34y0EI","Default Response Set","Anonymous",NA,NA,"0dbc0569d80d146d",0,"3/22/18 10:09","3/22/18 10:14",1,"7ec814c61dce5e60",NA,NA,1,1,1,0,0,5.401,0,1,0,0,14.229,0,4,3,4,3,1,4,2,3,2,3,3,5,2,3,3,2,3,3,2,4,2,1.389,1.989,2.662,2,0.497,1.012,1.657,2,0.365,0.78,1.476,2,26.58,27.205,27.947,2,0.325,0.9,1.555,2,0.413,0.938,1.803,2,0.351,0.9,1.593,2,0.346,0.908,1.606,2,0.313,1.56,1.844,3,0.438,0.963,1.55,2,1.004,1.82,2.483,2,0.242,0.611,1.231,2,14.584,15.137,15.882,2,0.803,1.435,2.133,2,1.081,2.696,3.1,4,0.614,1.229,1.964,2,0.373,0.918,1.54,2,0.615,1.13,1.742,2,0.334,1.491,1.926,3,3.231,3.904,4.598,2,0.278,1.17,1.8,3,1,"It felt right","no",1,1,27,1,1,33.65,-112.39,-1
"12","R_2wFF0z94QVnvETP","Default Response Set","Anonymous",NA,NA,"163bdff43ba8c71d",0,"3/22/18 10:11","3/22/18 10:14",1,"7ec814c61dce5e60",NA,NA,1,1,1,7.072,7.072,7.184,1,1,6.948,6.948,6.96,1,1,1,1,1,1,1,2,1,5,1,1,5,5,5,5,5,5,5,5,5,5,2.34,2.861,3.338,3,1.655,2.06,2.501,3,2.216,2.902,3.403,3,1.137,4.403,4.418,5,2.12,5.255,5.726,5,1.934,2.779,3.23,4,3.093,3.598,4.081,3,2.279,2.798,3.291,3,1.848,2.231,2.671,3,2.601,3.121,3.594,3,2.175,20.929,21.339,9,2.977,4.96,5.45,4,3.268,4.127,4.57,4,1.879,6.482,6.915,5,1.19,3.234,3.693,4,2.131,2.975,3.445,4,1.744,2.213,2.77,3,2.64,3.245,3.714,3,2.05,3.064,3.48,4,26.156,27.601,27.949,6,1.933,3.695,3.71,5,1,"just tried to go with what seemed more likely, what was heard about more","",1,2,29,1,1,37.63,-77.54,-1
"13","R_2zj2n0dwxQYqpL7","Default Response Set","Anonymous",NA,NA,"c979e605b338886e",0,"3/22/18 10:09","3/22/18 10:15",1,"7ec814c61dce5e60",NA,NA,1,1,1,0,0,4.135,0,1,0,0,6.289,0,2,1,2,1,1,1,1,1,5,1,1,5,4,4,4,5,5,5,2,4,5,4.523,4.523,5.97,1,4.09,5.14,5.648,2,0.561,0.561,4.88,1,6.364,6.364,7.443,1,11.058,11.058,12.386,1,3.153,3.153,5.346,1,3.919,3.919,5.889,1,38.41,38.41,39.372,1,10.143,10.143,11.198,1,4.182,5.917,7.061,2,0.661,3.303,5.111,2,3.728,3.728,6.793,1,6.36,6.36,7.098,1,8.383,8.383,9.495,1,10.025,10.025,10.942,1,7.585,7.585,8.119,1,2.547,2.547,3.881,1,8.361,8.361,13.199,1,7.488,7.488,8.913,1,4.392,4.392,6.022,1,3.293,3.293,4.018,1,1,"A lot of it was based on the area that the event took place.","no",1,1,43,1,1,39.36,-77.48,-1
"14","R_wN7bEf3weVMa6Gd","Default Response Set","Anonymous",NA,NA,"d5822eeaa9067393",0,"3/22/18 10:12","3/22/18 10:17",1,"7ec814c61dce5e60",NA,NA,1,1,1,0,0,4.185,0,1,0,0,11.567,0,1,1,2,1,4,1,3,1,5,2,1,5,5,4,1,3,4,5,4,5,5,6.583,7.016,8.066,2,4.508,5.661,5.925,3,2.138,9.594,10.325,6,10.197,16.97,17.61,3,7.907,8.584,9.989,2,1.824,4.428,5.379,4,6.422,7.875,8.71,3,6.814,7.454,8.422,2,2.989,3.581,4.377,2,0.862,4.591,5.29,6,5.464,7.161,7.751,3,5.924,7.708,8.772,2,5.703,6.466,7.19,2,6.335,7.415,8.371,3,5.542,8.1,8.758,4,9.657,10.932,11.973,2,2.561,3.31,3.982,2,2.44,3.844,4.355,2,5.539,6.17,6.866,2,4.864,6.8,7.458,3,1.447,4.431,5.134,3,1,"I thought about more stereotypes of what i have been around and common sense to answer","none",1,2,26,1,1,28.08,-82.52,-1
"15","R_3QXlYc6gdU1t2Ma","Default Response Set","Anonymous",NA,NA,"58a180a4c12fa5a7",0,"3/22/18 10:09","3/22/18 10:18",1,"7ec814c61dce5e60",NA,NA,1,1,1,323.172,323.332,323.726,2,1,0,0,24.936,0,3,3,1,2,2,1,3,1,5,1,2,5,5,3,4,5,5,5,4,4,4,8.282,8.282,8.946,1,2.778,3.454,4.856,2,3.712,3.712,3.96,1,51.164,52.578,52.682,2,5.526,5.526,6.206,1,2.828,2.828,3.636,1,2.424,2.424,3.49,1,14.538,14.538,15.616,1,4.524,4.524,6.138,1,2.514,4.34,4.594,2,5.612,5.612,6.34,1,2.962,2.962,3.84,1,5.636,5.636,6.236,1,2.328,2.328,2.402,1,6.174,6.174,7.542,1,6.342,6.342,6.406,1,2.286,2.58,3.338,2,2.194,2.194,3.322,1,2.626,2.626,2.716,1,4.834,4.834,5.48,1,6.166,6.91,7.324,2,1,"I chose the one that seemed more logical.","",1,1,29,1,1,25.98,-80.34,-1
"16","R_1gu2LpJ2h3yRpma","Default Response Set","Anonymous",NA,NA,"542cb6250ec5196a",0,"3/22/18 10:15","3/22/18 10:19",1,"7ec814c61dce5e60",NA,NA,1,1,1,0,0,4.065,0,1,0,0,9.236,0,2,1,1,2,1,2,1,1,5,1,1,4,4,3,3,5,5,5,4,5,4,6.193,6.193,7.903,1,3.519,3.519,4.864,1,5.499,5.499,7.263,1,7.023,7.023,8.336,1,7.35,9.115,9.601,2,4.472,4.472,5.981,1,3.645,3.645,4.859,1,2.991,2.991,4.327,1,4.299,4.299,5.279,1,4.708,4.708,6.234,1,5.176,5.176,6.607,1,4.797,4.797,6.089,1,10.355,10.355,12.248,1,8.734,8.734,9.976,1,4.492,4.492,5.37,1,8.852,8.852,9.665,1,4.177,4.177,5.489,1,4.089,4.089,4.882,1,7.69,7.69,8.942,1,5.154,5.154,6.003,1,4.109,4.109,5.587,1,1,"I answered mostly on the location the event took place.","no",1,2,45,1,1,41.58,-93.68,-1
"17","R_1oj8b9Ln3r4f2Xf","Default Response Set","Anonymous",NA,NA,"002c2fb74ef2ac46",0,"3/22/18 10:19","3/22/18 10:22",1,"7ec814c61dce5e60",NA,NA,1,1,1,0,0,6.621,0,1,0,0,7.404,0,1,1,2,1,2,2,2,1,5,1,2,5,4,4,4,5,5,5,4,4,4,2.116,2.116,2.978,1,2.131,2.131,2.741,1,2.82,2.82,3.377,1,3.914,3.914,4.981,1,4.721,4.721,5.599,1,3.822,3.822,4.531,1,8.158,8.85,9.516,2,1.922,1.922,3.242,1,3.196,3.196,3.741,1,2.088,2.898,3.171,2,3.412,3.412,4.075,1,3.563,4.391,4.726,2,2.818,2.818,3.261,1,11.161,11.161,11.693,1,2.386,4.054,4.429,3,3.463,3.463,3.994,1,8.4,8.4,8.945,1,3.247,3.247,3.71,1,6.433,6.433,7.103,1,2.777,2.777,3.283,1,2.39,2.832,3.131,2,1,"I chose the option that usually happened more often. The one with better conditions for the event to happen.","",1,2,23,1,1,33.9,-83.33,-1
"18","R_1fjXYb7MGJHeqAR","Default Response Set","Anonymous",NA,NA,"df8f62b5b66dede0",0,"3/22/18 10:19","3/22/18 10:23",1,"7ec814c61dce5e60",NA,NA,1,1,1,0,0,4.148,0,1,0,0,12.086,0,1,1,1,1,2,1,1,1,5,1,1,5,5,5,4,5,5,4,4,5,5,4.416,5.658,7.71,2,4.564,4.564,6.836,1,3.206,3.206,4.858,1,7.432,7.432,9.998,1,6.306,6.306,8.666,1,2.768,2.768,4.428,1,4.528,4.528,6.652,1,3.394,3.394,5.328,1,2.754,2.754,4.742,1,4.674,4.674,7.376,1,3.744,3.744,5.674,1,7.366,8.308,10.248,2,5.514,5.514,7.974,1,8.506,8.506,10.026,1,4.114,4.114,5.766,1,6.612,6.612,7.84,1,2.582,2.582,4.222,1,4.018,4.018,5.986,1,6.086,6.086,8.21,1,11.506,11.506,13.404,1,3.616,3.616,5.832,1,1,"Most questions had obvious answers and I chose those.","no",1,2,29,1,1,41.55,-93.62,-1
"19","R_3fT4mrKzYCGvrr6","Default Response Set","Anonymous",NA,NA,"4e4b48ebf2ff6896",0,"3/22/18 10:21","3/22/18 10:23",1,"7ec814c61dce5e60",NA,NA,1,1,1,0,0,17.124,0,1,0,0,20.068,0,3,3,3,3,4,3,3,4,3,4,3,4,3,5,3,3,4,1,4,3,3,0,0,0.996,0,0,0,0.758,0,0,0,1.165,0,0,0,1.058,0,0,0,1.254,0,0,0,0.8,0,0,0,1.187,0,0,0,0.919,0,0,0,1.432,0,0,0,0.927,0,0,0,0.96,0,0,0,1.019,0,0,0,0.838,0,0,0,0.861,0,0,0,0.97,0,0,0,0.697,0,0,0,0.747,0,0,0,0.921,0,0,0,1.042,0,0,0,0.762,0,0,0,0.857,0,1,"I think I chose this way because it was the most efficient way of doing it at the time.","I enjoyed taking this survey.",1,1,35,0,1,40.13,-89.36,-1
"20","R_23TuL68DjEFxF3K","Default Response Set","Anonymous",NA,NA,"42da1d6970c19af3",0,"3/22/18 10:10","3/22/18 10:26",1,"7ec814c61dce5e60",NA,NA,1,1,1,0,0,85.448,0,1,0,0,52.51,0,1,5,1,1,5,1,1,1,5,1,1,5,5,5,5,5,5,5,5,5,5,17.469,18.013,18.773,2,2.486,2.958,3.693,2,18.738,19.825,20.176,2,8.328,8.328,9.736,1,5.091,5.091,8.457,1,3.869,3.869,4.659,1,21.402,21.402,22.216,1,1.283,1.283,2.163,1,3.022,3.022,3.557,1,164.722,165.482,166.936,2,170.439,170.439,171.327,1,177.489,177.489,178.496,1,10.259,10.259,10.955,1,7.217,7.217,7.8,1,2.525,2.525,3.003,1,17.883,17.883,18.481,1,1.966,1.966,2.701,1,8.818,8.818,9.545,1,3.087,3.087,3.781,1,2.867,2.867,3.506,1,2.162,2.162,2.72,1,1,"Logic","no",1,1,25,1,1,29.75,-95.41,-1
"21","R_12F0L0qhbehZJKC","Default Response Set","Anonymous",NA,NA,"a30b6f5556a95881",0,"3/22/18 10:18","3/22/18 10:26",1,"7ec814c61dce5e60",NA,NA,1,1,1,0,0,20.36,0,1,0.624,2.002,6.28,6,1,1,2,1,1,2,2,1,5,1,1,5,5,4,5,5,5,4,4,5,5,12.045,12.045,13.523,1,5.647,6.796,7.035,2,10.134,13.326,14.674,7,12.255,12.255,13.428,1,3.174,9.302,10.969,11,25.661,25.661,26.72,1,11.416,12.958,14.142,5,2.753,2.753,4.452,1,3.469,3.469,4.31,1,3.174,4.244,5.548,2,5.373,5.373,6.392,1,5.294,5.294,7.837,1,1.074,3.985,5.679,7,0.989,4.309,5.173,7,2.805,2.805,4.009,1,0.616,15.861,16.175,17,157.512,157.512,158.591,1,3.153,3.153,4.312,1,43.975,46.783,48.059,7,1.631,4.259,4.908,4,3.506,3.506,4.672,1,1,"I considered the aspect of each sentence and then decided which was more likely to occur based on my knowledge of life.","",1,1,33,1,1,42.52,-83.16,-1
"22","R_3qpW1bijkggagUX","Default Response Set","Anonymous",NA,NA,"9e26a8c18290595f",0,"3/22/18 10:26","3/22/18 10:30",1,"7ec814c61dce5e60",NA,NA,1,1,1,0,0,3.972,0,1,0,0,5.947,0,2,4,2,2,3,2,2,2,4,2,2,5,4,4,4,4,4,4,4,4,4,3.495,3.495,4.241,1,4.671,4.671,6.626,1,3.245,3.245,3.895,1,8.327,8.327,9.064,1,6.716,6.716,7.521,1,2.558,6.771,9.229,2,4.455,4.455,5.63,1,5.934,5.934,6.706,1,3.456,4.289,4.667,2,4.123,4.123,4.887,1,5.134,5.134,6,1,4.909,4.909,5.983,1,4.985,4.985,5.653,1,15.343,15.343,16.202,1,4.917,7.768,8.417,3,3.166,3.166,4.555,1,3.492,3.492,4.259,1,2.541,2.541,3.269,1,4.045,4.045,5.029,1,3.566,3.566,4.282,1,2.544,2.544,3.623,1,1,"depending mostly on location of the incident, whether they were more prone to happen or not, occupation of the person played a role, safety of the location, what you hear on the news typically happening ","",1,2,26,1,1,38.35,-75.54,-1
"23","R_3IaQy4dFR20IEaU","Default Response Set","Anonymous",NA,NA,"cd63c28924c53cda",0,"3/22/18 10:15","3/22/18 10:34",1,"7ec814c61dce5e60",NA,NA,1,1,1,0,0,4.424,0,1,0,0,51.008,0,4,2,1,1,1,4,2,1,5,1,2,5,1,4,5,4,4,5,5,4,4,6.31,6.31,7.111,1,2.544,43.758,44.865,2,6.688,6.688,7.771,1,1.57,3.642,9.915,3,129.574,151.167,152.042,2,6.532,8.212,9.057,2,87.059,87.059,88.204,1,18.196,18.196,19.018,1,5.833,5.833,6.67,1,52.173,52.173,53.056,1,6.371,6.371,7.151,1,5.746,5.746,8.33,1,22.999,22.999,24.361,1,27.725,27.725,28.727,1,14.638,14.638,15.533,1,11.336,11.715,12.835,2,14.249,14.249,15.364,1,6.364,6.364,7.303,1,14.165,14.165,15.018,1,14.343,14.343,15.353,1,7.069,7.069,7.994,1,1,"the event was more likely to happen ","none",1,1,30,1,1,42.36,-71.05,-1
"24","R_3hipXdXZVUM6AG8","Default Response Set","Anonymous",NA,NA,"c9d3930e2d23045f",0,"3/22/18 10:36","3/22/18 10:39",1,"7ec814c61dce5e60",NA,NA,1,1,1,0,0,4.575,0,1,0,0,20.676,0,1,2,1,1,1,1,1,1,5,1,1,5,5,5,5,5,5,5,5,4,5,2.345,2.345,3.241,1,3.509,3.509,4.442,1,2.541,2.541,3.58,1,4.924,4.924,5.818,1,4.038,4.038,5.326,1,2.39,2.39,3.563,1,2.755,2.755,3.719,1,7.389,7.389,8.837,1,4.696,4.696,5.413,1,3.147,3.147,4.593,1,1.8,6.712,7.847,2,3.828,3.828,4.607,1,4.448,4.448,5.296,1,6.049,6.049,6.655,1,3.152,3.152,3.819,1,3.648,3.648,4.281,1,2.861,2.861,3.715,1,2.937,2.937,3.804,1,4.257,4.257,4.922,1,4.417,4.417,5.555,1,2.745,2.745,3.293,1,1,"I just based it off my own knowledge of events I've read about and what seems more likely, or characteristics of places listed","",1,2,37,1,1,36.46,-80.62,-1
"25","R_1n7KkZvYjwdDb5C","Default Response Set","Anonymous",NA,NA,"6cc5fdf8406e9407",0,"3/22/18 10:33","3/22/18 10:41",1,"7ec814c61dce5e60",NA,NA,1,1,1,5.185,5.185,5.208,1,1,0,0,7.054,0,1,1,2,1,2,2,2,2,5,1,1,5,5,4,4,5,4,5,4,4,5,5.335,5.855,6.425,3,8.183,10.657,11.111,4,14.23,15.635,16.179,3,16.451,16.839,17.376,3,1.228,10.568,10.596,9,0.993,4.163,4.191,6,6.711,7.133,7.584,3,12.747,15.202,16.129,4,3.236,4.18,4.206,4,3.754,5.465,5.49,4,43.792,45.496,46.035,5,10.582,27.229,27.254,6,6.298,6.706,7.225,3,15.943,17.328,17.97,3,1.886,5.114,5.141,5,5.294,6.898,7.213,4,3.129,3.464,3.938,3,33.763,39.71,40.16,7,3.532,29.207,29.875,5,4.149,7.495,8.212,5,5.65,6.264,6.767,3,1,"I mostly went with my gut and basic social knowledge.","no",1,2,33,1,1,37.39,-121.9,-1
"26","R_29uhqXkvLNe2fth","Default Response Set","Anonymous",NA,NA,"73caf621b3eb2a46",0,"3/22/18 10:39","3/22/18 10:43",1,"7ec814c61dce5e60",NA,NA,1,1,1,0,0,3.773,0,1,5.545,5.545,5.769,1,1,1,1,1,1,3,3,1,5,1,1,5,4,3,3,5,5,5,5,3,5,2.834,3.569,3.794,2,3.484,4.435,4.714,3,7.268,7.268,7.908,1,5.935,5.935,9.985,1,12.162,12.162,12.956,1,8.887,8.887,9.796,1,6.833,8.571,8.787,2,4.05,4.05,4.948,1,2.481,2.481,3.033,1,2.855,5.208,6.213,3,5.008,5.008,5.828,1,1.048,10.603,10.923,5,4.609,9.595,10.061,6,5.77,5.77,6.38,1,4.486,4.486,5.379,1,5.435,5.805,6.063,2,3.117,4.328,4.511,3,2.822,4.288,4.591,3,5.585,5.585,6.515,1,6.03,7.545,8.518,2,3.051,3.051,3.872,1,1,"It was all about the situation in the stories. If I felt it was more likely to happen in another place that's what I chose","",1,1,27,1,1,41.31,-72.92,-1
"27","R_2PbrgeGWa3MKGTl","Default Response Set","Anonymous",NA,NA,"9a8ab5839621da7d",0,"3/22/18 10:40","3/22/18 10:44",1,"7ec814c61dce5e60",NA,NA,1,1,1,0,0,4.147,0,1,0,0,6.574,0,1,4,2,3,3,1,5,3,3,2,2,3,4,2,2,2,3,3,2,3,2,1.164,1.164,2.828,1,1.368,1.368,2.805,1,1.815,1.815,3.511,1,13.64,13.753,45.066,2,1.122,1.122,8.545,1,0.835,0.835,2.459,1,1.825,1.825,2.801,1,1.011,1.011,2.758,1,2.089,2.089,3.696,1,0.866,0.866,2.477,1,13.765,13.879,16.154,2,0.943,0.943,12.002,1,10.934,10.934,11.979,1,0.792,0.792,2.32,1,0.907,0.907,2.292,1,0.44,0.44,1.78,1,0.671,0.671,2.223,1,11.693,11.693,13.49,1,2.345,2.345,4.002,1,4.514,6.109,6.693,2,0.793,0.793,2.49,1,1,"Based on the information that was provided.","No",1,2,29,1,1,34.17,-118.37,-1
"28","R_2QfADc3rWDTXggx","Default Response Set","Anonymous",NA,NA,"6a571fbd5fb8cc01",0,"3/22/18 10:40","3/22/18 10:45",1,"7ec814c61dce5e60",NA,NA,1,1,1,0,0,3.913,0,1,0,0,6.462,0,1,1,1,1,3,1,3,1,5,1,1,5,5,5,1,5,5,5,5,3,5,2.491,4.037,4.357,2,3.723,3.723,4.761,1,3.648,3.648,4.722,1,5.183,5.183,6.963,1,12.216,14.768,15.25,2,2.43,2.43,3.331,1,7.902,9.352,10.98,2,9.479,9.479,10.47,1,6.317,6.317,7.151,1,12.453,12.453,14.052,1,3.485,4.469,4.788,2,5.455,5.455,9.507,1,5.799,5.799,6.652,1,10.051,10.981,11.369,2,5.197,5.197,6.559,1,5.71,5.71,6.376,1,6.957,6.957,7.855,1,6.103,6.103,6.813,1,3.998,3.998,5.425,1,5.391,5.391,6.41,1,10.759,10.759,11.796,1,1,"Based off of what ive seen on the news","none",1,1,25,1,1,30.29,-81.51,-1
"29","R_2ZNVBuqi1yKPaOa","Default Response Set","Anonymous",NA,NA,"e6b8fea699c95922",0,"3/22/18 10:39","3/22/18 10:45",1,"7ec814c61dce5e60",NA,NA,1,1,1,0,0,5.045,0,1,7.674,7.674,10.42,1,1,1,1,1,2,2,2,1,5,1,2,5,5,4,4,5,5,5,5,5,5,4.22,5.782,6.852,2,5.326,8.527,9.705,2,17.317,19.076,20.166,2,14.48,17.119,18.216,3,8.425,9.731,10.846,2,4.551,7.326,8.4,3,4.925,8.274,9.346,3,5.656,7.282,8.455,2,4.204,5.257,6.395,2,6.539,8.348,9.42,2,15.231,18.054,19.2,4,7.174,9.646,15.518,3,10.927,12.004,13.264,2,7.925,10.458,13.182,3,4.628,17.666,18.779,6,6.675,7.861,8.95,2,3.046,4.099,5.202,2,4.92,5.998,7.024,2,3.585,7.364,8.563,3,6.505,8.764,9.926,2,3.76,4.777,6.005,2,1,"I keep up on current affairs and read a lot of news.  I based my answers on the world as it's been presented to me.","It was interesting.  Thank you",1,2,68,1,1,25.95,-97.33,-1
"30","R_zU1Ym1LmvvaCX4J","Default Response Set","Anonymous",NA,NA,"07aa118bb62e408f",0,"3/22/18 10:43","3/22/18 10:45",1,"7ec814c61dce5e60",NA,NA,1,1,1,0,0,22.273,0,1,0,0,9.697,0,1,1,1,1,1,1,1,1,5,1,1,5,5,5,4,5,5,5,5,5,4,1.593,1.593,2.383,1,3.395,3.395,4.208,1,2.594,2.594,3.913,1,4.292,4.292,5.276,1,3.489,3.489,4.295,1,2.327,2.327,3.201,1,4.289,4.289,5.304,1,2.342,3.185,3.515,2,2.403,2.403,2.945,1,3.101,3.101,3.823,1,2.746,2.746,3.43,1,2.45,2.45,3.056,1,2.495,2.495,3.265,1,5.917,5.917,7.113,1,2.971,2.971,3.481,1,5.345,5.345,6.514,1,1.462,1.462,2.117,1,1.555,1.555,2.266,1,2.493,2.493,3.153,1,1.827,1.827,2.647,1,1.4,3.968,4.651,3,1,"I thought about how likely events would be in certain places","",1,2,24,1,1,42.94,-85.62,-1
"31","R_9ogwyJjoGOP6TGp","Default Response Set","Anonymous",NA,NA,"b6701744af94d1ab",0,"3/22/18 10:39","3/22/18 10:45",1,"7ec814c61dce5e60",NA,NA,1,1,1,0,0,4.556,0,1,0,0,68.918,0,1,3,2,2,2,1,4,1,5,2,2,5,4,4,4,5,4,5,5,4,5,4.582,7.817,9.24,2,7.1,7.1,10.196,1,7.63,7.63,9.604,1,14.499,15.642,17.167,2,14.353,14.353,15.72,1,4.102,4.102,5.897,1,9.227,15.962,16.958,3,5.077,5.077,7.362,1,4.118,4.118,6.828,1,5.351,5.351,8.466,1,12.755,14.689,15.432,2,6.074,6.074,8.21,1,15.109,15.109,19.709,1,12.356,13.707,14.209,2,5.496,6.53,7.755,2,8.89,8.89,10.011,1,4.131,7.809,9.051,2,4.961,4.961,6.565,1,7.339,7.339,8.547,1,5.816,5.816,7.222,1,4.001,4.001,5.265,1,1,"I wasn't trying to be biased, but I answered how it most likely goes when I read and hear horrible news. ","No",1,2,28,1,1,38.72,-9.13,-1
"32","R_1FJMBbfiHuqjwOQ","Default Response Set","Anonymous",NA,NA,"429cc364e06eff1a",0,"3/22/18 10:42","3/22/18 10:48",1,"7ec814c61dce5e60",NA,NA,1,1,1,0,0,4.873,0,1,0,0,6.635,0,1,2,2,2,1,2,4,1,5,1,1,5,4,2,4,5,5,5,4,4,4,11.286,11.286,12.871,1,5.509,5.509,6.866,1,8.461,8.461,10.735,1,7.091,7.091,8.57,1,8.013,8.013,9.509,1,5.009,5.009,6.422,1,7.219,7.219,8.3,1,6.079,6.079,7.37,1,3.281,3.281,4.39,1,5.273,5.273,6.645,1,16.305,16.305,17.924,1,9.235,9.235,15.404,1,14.483,14.483,15.922,1,12.411,12.411,14.642,1,5.623,5.623,6.879,1,14.364,14.364,16.157,1,4.401,4.401,5.486,1,3.834,3.834,5.114,1,10.342,10.342,11.87,1,4.073,4.073,5.311,1,3.722,3.722,4.909,1,1,"The kind of answers we generally read about in the news is why I answered the way I did","no",1,2,59,1,1,36.01,-79.87,-1
"33","R_QfFV4bPm4Ek2ech","Default Response Set","Anonymous",NA,NA,"45eee19a73b2e9ce",0,"3/22/18 10:44","3/22/18 10:50",1,"7ec814c61dce5e60",NA,NA,1,1,1,4.071,4.071,4.101,1,1,0,0,8.644,0,1,1,1,1,1,1,1,1,5,5,1,5,5,1,5,1,5,5,5,5,5,5.179,5.185,6.162,2,8.813,8.817,9.912,2,7.217,7.222,8.304,2,10.664,10.671,11.46,2,11.805,11.811,12.59,2,3.595,3.599,4.327,2,8.322,8.329,9.534,2,8.421,8.987,9.022,3,6.682,6.688,7.165,2,4.678,4.683,5.257,2,12.336,12.341,13.068,2,9.98,9.984,13.972,2,8.958,9.649,9.69,3,11.638,11.642,12.432,2,8.218,8.222,8.808,2,16.142,33.392,35.385,3,6,6.006,6.614,2,5.187,5.193,5.664,2,8.645,8.649,9.223,2,5.848,5.854,6.396,2,4.288,4.294,5.106,2,1,"The ones I choose are more likely to happen. Things I've seen in the news or videos. I can relate to some also.","Good questions but maybe put them all in one page",1,1,29,1,1,34.04,-118.19,-1
"34","R_vSjkfQrOBfm5SVz","Default Response Set","Anonymous",NA,NA,"d45e945f5f0b1ad9",0,"3/22/18 10:39","3/22/18 10:50",1,"7ec814c61dce5e60",NA,NA,1,1,1,0,0,4.916,0,1,0,0,24.6,0,1,1,2,1,1,2,2,1,5,1,1,5,5,4,5,3,5,5,5,3,5,4.194,4.194,7.72,1,5.698,5.698,7.678,1,10.724,10.724,16.142,1,6.634,6.634,8.07,1,15.1,15.1,16.73,1,6.842,6.842,8.48,1,8.216,13.712,16.37,2,5.834,5.834,7.366,1,4.324,4.324,5.06,1,5.69,5.69,7.568,1,7.488,7.488,9.536,1,5.85,5.85,7.164,1,8.778,8.778,10.632,1,11.622,11.622,13.53,1,6.75,6.75,8.454,1,17.218,17.218,18.728,1,6.334,6.334,7.18,1,4.704,4.704,5.412,1,7.372,7.372,8.754,1,10.14,10.14,11.29,1,5.466,5.466,6.838,1,1,"I answered mainly by stereotypes.","no",1,2,45,1,1,36.33,-92.41,-1
"35","R_Zn99t5e826wkHLP","Default Response Set","Anonymous",NA,NA,"87ad220ccfa0a299",0,"3/22/18 10:47","3/22/18 10:53",1,"7ec814c61dce5e60",NA,NA,1,1,1,0,0,4.375,0,1,0,0,6.447,0,1,2,1,2,2,1,1,1,5,2,1,5,5,4,3,4,4,5,3,5,4,3.653,3.653,4.709,1,10.097,10.097,11.349,1,4.677,4.677,6.165,1,7.405,7.405,8.246,1,6.265,8.573,10.124,2,4.877,4.877,5.972,1,3.767,3.767,4.888,1,3.647,3.647,4.614,1,3.58,3.58,4.59,1,6.074,6.074,6.969,1,5.992,5.992,7.482,1,3.132,3.132,4.6,1,6.651,6.651,7.786,1,8.97,8.97,10.077,1,6.584,6.584,7.772,1,15.342,15.342,16.408,1,4.728,4.728,5.699,1,3.931,3.931,4.779,1,5.434,5.434,6.43,1,3.906,3.906,4.825,1,3.008,3.008,3.817,1,1,"I mostly considered the probability of each scenario based on what I know about places, people etc. I know that some places are more dangerous than others (Detroit compared to Denver for example), or that high-end restaurants are more likely to serve good quality food than fast food restaurants.","No.",1,2,57,1,1,40.63,-73.95,-1
"36","R_2t50DykAx8Owj82","Default Response Set","Anonymous",NA,NA,"a4e19d13e3543a9e",0,"3/22/18 10:50","3/22/18 10:54",1,"7ec814c61dce5e60",NA,NA,1,1,1,0,0,3.615,0,1,0,0,6.641,0,4,5,3,3,3,3,3,3,3,2,2,5,2,2,4,5,3,2,3,3,4,0,0,0.88,0,0,0,1.688,0,0,0,0.817,0,0,0,1.241,0,0,0,1.726,0,0,0,0.985,0,0,0,0.785,0,0,0,1.064,0,0,0,1.38,0,0,0,0.968,0,0,0,1.674,0,0,0,5.443,0,0,0,0.875,0,0,0,0.835,0,0,0,1.177,0,0,0,1.482,0,0,0,1.22,0,0,0,1.054,0,0,0,1.382,0,0,0,0.872,0,0,0,1.563,0,1,"I answered according to my opinion","none",1,2,23,1,1,32.81,-96.87,-1
"37","R_1CfMDgl9lvF6iRU","Default Response Set","Anonymous",NA,NA,"9d4d1544a2a69ad6",0,"3/22/18 10:45","3/22/18 10:54",1,"7ec814c61dce5e60",NA,NA,1,1,1,0,0,4.161,0,1,0,0,6.528,0,1,1,2,1,1,1,1,1,5,2,1,5,5,4,2,5,3,5,5,4,5,5.029,5.029,6.396,1,2.974,3.829,4.412,2,10.867,12.044,13.596,2,5.789,5.789,7.337,1,51.359,51.359,52.238,1,3.746,5.003,6.562,2,7.257,7.257,8.569,1,6.063,6.063,7.368,1,5.608,5.608,7.086,1,8.377,8.377,9.6,1,8.253,8.253,9.996,1,6.18,6.18,13.752,1,12.26,12.26,126.691,1,9.549,11.917,13.363,2,5.402,5.402,6.936,1,29.332,30.508,31.749,2,15.342,23.111,24.178,3,4.219,4.219,5.666,1,11.104,11.104,12.438,1,10.809,10.809,12.567,1,11.331,11.331,12.586,1,1,"I just picked the response that seemed most likely. I suppose I've heard a lot about these types of situations on the news and those are the ones I picked to be more likely to happen.","",1,1,29,1,1,38.63,-76.98,-1
"38","R_1FeqAgJ8tbQFtlH","Default Response Set","Anonymous",NA,NA,"ab608cbb646cab00",0,"3/22/18 10:49","3/22/18 10:54",1,"7ec814c61dce5e60",NA,NA,1,1,1,0,0,4.141,0,1,0,0,6.293,0,1,1,2,1,1,2,1,1,5,1,1,5,5,5,4,5,4,5,5,5,5,4.308,4.308,5.487,1,3.258,3.258,4.42,1,8.134,8.134,9.101,1,5.32,5.32,6.649,1,15.339,16.844,17.811,2,3.227,3.227,4.177,1,2.006,2.006,2.827,1,2.916,2.916,3.931,1,3.002,3.002,4.004,1,3.387,3.387,4.104,1,3.655,3.655,4.535,1,3.28,3.28,4.714,1,8.236,8.236,9.41,1,7.193,7.193,7.844,1,12.827,12.827,13.773,1,4.613,4.613,5.412,1,6.312,6.312,7.1,1,3.315,3.315,4.184,1,3.909,4.829,5.314,2,8.172,10.635,11.034,3,2.421,3.166,3.526,2,1,"Just used my personal knowledge to decide what the most likely outcome was","N/A",1,1,38,1,1,39.3,-76.44,-1
"39","R_1Pcnl7FqDN3u6ax","Default Response Set","Anonymous",NA,NA,"654eaf975f0d001a",0,"3/22/18 10:48","3/22/18 10:57",1,"7ec814c61dce5e60",NA,NA,1,1,1,0,0,154.894,0,1,0,0,7.482,0,1,1,3,2,1,3,2,1,4,2,1,5,3,4,3,4,5,4,4,5,4,8.461,8.82,10.133,2,8.022,8.022,10.193,1,6.531,6.531,7.675,1,24.128,24.128,25.64,1,12.867,12.867,14.704,1,19.05,19.05,20.067,1,4.265,4.265,5.516,1,4.502,4.502,5.505,1,4.284,4.284,5.375,1,4.189,4.189,5.527,1,8.382,8.382,10.062,1,7.594,7.594,9.776,1,1.442,1.442,2.507,1,8.748,8.748,9.749,1,12.93,12.93,15.755,1,7.769,9.633,10.322,3,4.982,7.421,8.153,3,6.798,6.798,7.84,1,2.72,2.72,3.57,1,7.149,7.149,8.114,1,24.388,24.388,25.643,1,1,"not sure how to respond to this. I made choices based on what I believed to be factual about each incident. thats all I can tell you. not rocket science here.. water in mexico is more prone to be bad then arizona etc etc.. ","none thank you",1,1,50,1,1,39.74,-104.41,-1
"40","R_bp9vwkGcqud7TOh","Default Response Set","Anonymous",NA,NA,"174ee8bca6c1ac16",0,"3/22/18 10:57","3/22/18 11:00",1,"7ec814c61dce5e60",NA,NA,1,1,1,0,0,3.963,0,1,0,0,5.928,0,1,3,5,1,1,2,4,4,1,3,4,4,1,3,1,2,4,3,4,2,4,0.635,0.635,2.253,1,0.475,0.475,1.462,1,0.806,0.806,1.472,1,0.324,0.324,1.406,1,0.355,0.355,1.181,1,0.447,0.447,1.206,1,0.288,0.288,1.149,1,0.559,0.559,1.362,1,0.407,0.407,1.393,1,0.287,0.287,1.17,1,0.715,0.715,1.612,1,0.318,0.318,1.153,1,0.3,0.3,1.071,1,0.608,0.608,1.684,1,0.311,0.311,1.283,1,0.495,0.495,1.371,1,0.288,0.288,1.12,1,0.446,0.446,1.304,1,0.353,0.353,1.165,1,0.478,0.478,1.321,1,0.268,0.268,1.36,1,1,"i thought about which is  more likely.","",1,1,23,1,1,10.22,76.2,-1
"41","R_3pyzNTrRDsar9nz","Default Response Set","Anonymous",NA,NA,"6a3998eeafd08e82",0,"3/22/18 10:58","3/22/18 11:01",1,"7ec814c61dce5e60",NA,NA,1,1,1,4.722,4.722,5.082,1,1,0,0,6.035,0,1,1,2,3,3,3,3,1,5,2,1,5,3,4,3,3,3,5,3,3,5,3.596,3.596,4.534,1,4.039,4.039,4.811,1,3.938,4.65,5.639,2,5.817,5.817,7.06,1,5.619,5.619,6.715,1,2.515,2.515,3.465,1,7.205,8.559,9.347,2,3.34,3.34,4.208,1,3.533,3.533,4.38,1,6.19,7.489,8.056,2,4.193,4.193,5.043,1,4.049,4.049,4.884,1,3.832,3.832,4.816,1,6.642,8.171,9.013,2,4.553,4.553,5.257,1,6.641,6.641,8.728,1,4.432,4.432,5.152,1,5.527,5.527,6.513,1,3.281,3.281,4.18,1,4.98,4.98,6.064,1,4.741,4.741,5.422,1,1,"In today's society, a lot of those were possible ANYWHERE.","",1,2,32,1,1,35.12,-80.93,-1
"42","R_2CyA63XdwVStY4w","Default Response Set","Anonymous",NA,NA,"bd8df8bea7912308",0,"3/22/18 10:57","3/22/18 11:02",1,"7ec814c61dce5e60",NA,NA,1,1,1,0,0,4.285,0,1,0,0,14.672,0,1,1,2,1,2,2,1,2,5,1,2,5,4,4,4,4,4,4,4,4,3,3.64,3.64,6.708,1,7.025,7.025,10.707,1,6.924,6.924,9.509,1,11.933,11.933,13.05,1,10.756,10.756,11.772,1,4.107,4.107,5.548,1,4.783,4.783,5.708,1,4.502,4.502,5.632,1,4.368,4.368,5.552,1,7.441,7.441,8.359,1,4.631,4.631,5.653,1,6.817,7.971,8.609,2,9.756,10.629,11.704,2,11.059,11.059,11.954,1,7.044,7.044,9.844,1,7.824,9.12,9.808,2,4.377,4.377,5.396,1,5.06,5.82,6.404,2,4.261,4.261,5.513,1,6.563,6.563,9.701,1,5.9,5.9,7.231,1,1,"I made my decisions based upon my preconceptions of a situation or place.  Such as strong earthquakes are more likely in California, Mexico is a more corrupt country etc.  The preconceptions of course may not all be true.","no",1,1,55,1,1,39.75,-84.25,-1
"43","R_3P81QUrConZs62I","Default Response Set","Anonymous",NA,NA,"ffb1a00620fd1c2d",0,"3/22/18 10:59","3/22/18 11:03",1,"7ec814c61dce5e60",NA,NA,1,1,1,0,0,4.155,0,1,0,0,6.331,0,1,1,2,1,1,1,4,1,5,2,1,5,5,5,4,5,3,5,4,4,5,5.488,5.488,6.486,1,5.531,6.507,6.932,2,8.673,8.673,9.608,1,8.438,8.438,9.691,1,7.773,9.273,9.964,2,6.948,6.948,7.983,1,5.357,5.357,6.29,1,5.038,5.038,5.824,1,4.061,4.765,5.543,2,4.653,4.653,5.611,1,7.114,7.114,7.851,1,3.966,10.491,14.375,3,7.352,7.352,8.105,1,9.154,9.154,9.977,1,3.747,3.747,4.409,1,8.901,10.864,11.142,2,5.638,5.638,6.471,1,3.163,3.163,3.972,1,6.948,6.948,7.772,1,5.899,6.257,7.122,2,4.638,4.638,5.692,1,1,"I answered in the way I thought made more sense to me for every question.","",1,1,41,1,1,41.6,-88,-1
"44","R_bpzCdkzbtneQrwl","Default Response Set","Anonymous",NA,NA,"790d79aa4850ea34",0,"3/22/18 10:58","3/22/18 11:03",1,"7ec814c61dce5e60",NA,NA,1,1,1,0,0,4.75,0,1,0,0,5.805,0,1,3,4,1,1,3,3,1,4,1,1,5,5,5,4,5,5,5,4,4,5,9.279,9.279,11.931,1,4.328,4.328,6.136,1,6.072,7.313,7.816,2,8.135,8.415,9.778,2,8.234,8.234,9.563,1,4.146,4.146,5.125,1,4.958,4.958,6.137,1,9.627,9.627,10.809,1,3.886,5.737,6.863,2,4.909,4.909,6.615,1,5.807,5.807,7.089,1,8.117,8.117,9.14,1,8.098,8.098,9.428,1,7.582,7.582,8.893,1,5.981,5.981,7.117,1,12.576,12.576,13.44,1,4.803,4.803,5.682,1,3.749,3.749,4.534,1,5.22,5.22,5.947,1,7.145,8.459,9.212,2,3.497,3.497,4.744,1,1,"I based my answers on how likely each one was to happen.  A woman leaving the a coffee shop to me was less likely to get raped then one leaving a bar. ","Thank you for letting me take part. ",1,2,39,1,1,45.76,-87.16,-1
"45","R_bexQQvMay9POvAJ","Default Response Set","Anonymous",NA,NA,"6a7f88cf4b986c6f",0,"3/22/18 10:19","3/22/18 11:07",1,"7ec814c61dce5e60",NA,NA,1,1,1,0,0,4.832,0,1,0,0,92.208,0,2,1,2,3,4,3,3,2,5,2,4,1,4,2,3,3,4,3,4,4,4,0.555,0.555,1.767,1,6.686,6.686,8.056,1,25.069,25.069,26.215,1,0.739,0.739,2.327,1,40.018,40.018,41.31,1,17.268,17.268,19.028,1,12.537,14.648,15.382,2,12.246,12.246,14.102,1,5.085,5.085,6.54,1,628.357,628.357,629.531,1,0.837,0.837,1.983,1,0.565,0.565,1.682,1,14.763,14.763,17.386,1,0.651,2.012,6.735,2,0.977,0.977,2.031,1,0.718,0.718,5.883,1,20.954,20.954,22.354,1,12.24,12.24,13.434,1,4.216,4.216,5.368,1,21.188,21.188,22.467,1,0.851,0.851,5.269,1,1,"options","no",1,2,30,1,1,34.05,-118.24,-1
"46","R_2CrjgOMSDflBuHE","Default Response Set","Anonymous",NA,NA,"629869a9fd5cd646",0,"3/22/18 11:02","3/22/18 11:07",1,"7ec814c61dce5e60",NA,NA,1,1,1,0,0,75.031,0,1,0,0,6.84,0,2,1,3,2,1,3,1,2,5,3,2,5,5,3,3,4,5,4,4,4,3,4.202,4.202,6.013,1,3.395,3.395,4.18,1,5.593,5.593,6.708,1,6.259,7.247,10.401,2,6.71,6.71,7.567,1,3.135,3.135,4.029,1,4.974,7.121,8.644,3,3.464,3.464,4.797,1,4.423,4.423,5.358,1,32.078,32.766,33.309,2,5.199,6.071,6.39,2,2.817,2.817,4.34,1,4.386,4.386,5.083,1,4.574,4.574,5.563,1,6.927,6.927,7.768,1,8.153,8.153,9.524,1,2.501,2.998,3.299,2,3.542,3.542,5.303,1,4.187,4.187,5.09,1,4.973,5.795,6.458,2,3.661,3.661,5.031,1,1,"I chose instinctively.","no",1,1,35,1,1,47.86,-122.28,-1
"47","R_25uoUQv7xs5P4Jj","Default Response Set","Anonymous",NA,NA,"38cdcff00a792899",0,"3/22/18 10:43","3/22/18 11:08",1,"7ec814c61dce5e60",NA,NA,1,1,1,0,0,35.925,0,1,0,0,1182.916,0,1,2,1,1,1,1,1,1,5,1,1,5,5,2,5,5,5,5,5,5,5,2.85,2.85,3.484,1,7.57,7.57,8.59,1,4.751,4.751,5.783,1,7.739,8.994,9.414,3,4.763,6.201,6.474,3,2.398,2.398,3.509,1,3.578,3.578,4.593,1,38.553,38.553,39.817,1,6.181,6.181,7.002,1,5.001,5.723,6.099,2,6.643,6.643,7.978,1,3.904,5.689,6.048,2,4.714,4.714,5.658,1,8.635,12.564,12.863,5,3.889,3.889,4.781,1,4.754,4.754,5.726,1,6.466,6.466,7.229,1,3.522,3.522,4.834,1,3.012,3.012,4.769,1,5.083,5.083,5.708,1,2.073,2.956,3.329,2,1,"I went with the most logical response","no",1,1,41,1,1,41.58,-74.52,-1
"48","R_3dE5NLLSoBVKgJp","Default Response Set","Anonymous",NA,NA,"a8f9258debb36465",0,"3/22/18 11:18","3/22/18 11:20",1,"7ec814c61dce5e60",NA,NA,1,1,1,0,0,4.473,0,1,0,0,5.943,0,2,2,4,3,2,3,2,2,3,3,2,3,3,3,4,3,3,2,1,3,2,0.549,0.549,1.272,1,0.582,0.582,1.253,1,0.401,1.178,1.606,2,0.5,0.5,1.423,1,3.227,3.227,3.988,1,0.582,2.076,2.402,4,0.446,0.446,1.078,1,0.515,0.515,1.231,1,0.513,0.513,1.152,1,0.493,0.493,1.391,1,0.541,0.541,1.345,1,0.947,0.947,1.816,1,0.451,1.166,1.417,2,0.638,0.638,1.463,1,4.719,4.719,5.405,1,4.127,4.127,4.658,1,0.597,0.597,1.185,1,0.418,0.418,1.098,1,0.402,0.402,1.16,1,0.493,0.493,1.533,1,0.653,0.653,1.459,1,1,"Just my opinions.","",1,1,24,1,1,26.95,-80.22,-1
"49","R_1DASys88vvORKhS","Default Response Set","Anonymous",NA,NA,"27cc36ab89318c7b",0,"3/22/18 11:19","3/22/18 11:27",1,"7ec814c61dce5e60",NA,NA,1,1,1,5.354,5.354,7.102,1,1,0,0,15.274,0,1,2,2,2,1,1,1,1,5,1,1,5,5,3,5,2,5,4,1,4,5,7.74,7.74,9.232,1,7.708,7.708,9.678,1,21.548,28.85,31.694,2,17.14,17.14,19.248,1,16.596,16.596,18.85,1,6.862,6.862,9.226,1,8.236,8.236,10.116,1,10.542,10.542,12.616,1,6.186,6.186,8.506,1,7.928,7.928,10.036,1,13.666,13.666,16.54,1,9.332,9.332,12.188,1,11.332,11.332,12.516,1,17.216,22.95,24.344,3,9.078,9.078,11.562,1,23.016,23.016,25.846,1,6.06,6.06,7.292,1,13.968,13.968,20.28,1,17.462,17.462,18.894,1,10.602,14.106,16.516,2,9.422,9.422,11.336,1,1,"just a common sense","no",1,1,47,1,1,42.27,-83.86,-1
"50","R_3memIZR4UtK1FQy","Default Response Set","Anonymous",NA,NA,"7132ab5f55c1f86b",0,"3/22/18 11:25","3/22/18 11:33",1,"7ec814c61dce5e60",NA,NA,1,1,1,0,0,194.466,0,1,0,0,8.562,0,1,2,3,3,2,2,2,1,5,3,2,5,4,2,3,5,4,5,3,3,4,6.728,6.728,8.426,1,3.193,3.193,4.573,1,5.8,5.8,6.91,1,4.777,4.777,5.912,1,7.609,7.609,8.838,1,4.625,6.268,8.035,2,5.571,5.571,6.864,1,7.338,7.338,8.252,1,3.215,3.215,4.477,1,5.148,5.148,6.199,1,5.85,6.355,7.35,2,5.277,5.277,6.418,1,7.236,7.236,8.38,1,9.866,9.866,10.981,1,4.854,4.854,6.324,1,10.429,10.429,11.612,1,3.685,4.805,5.944,2,16.706,17.75,19.28,2,5.766,5.766,6.901,1,4.421,8.261,9.159,3,8.593,8.593,10.09,1,1,"I answered based on what seemed most likely based on geography for example, or other real world factors. I used common sense and personal knowledge. ","",1,2,36,1,1,47.56,-115.44,-1
"51","R_10SNuREaCTM0bLS","Default Response Set","Anonymous",NA,NA,"0929d72dec763929",0,"3/22/18 11:30","3/22/18 11:38",1,"7ec814c61dce5e60",NA,NA,1,1,1,1.246,1.246,5.944,1,1,0.602,0.602,11.742,1,1,1,2,1,1,1,1,3,5,5,1,5,5,3,5,5,5,5,5,5,5,2.952,2.952,3.68,1,19.142,23.088,23.422,3,3.706,4.578,5.502,2,4.412,4.412,5.602,1,1.69,16.184,17.2,3,3.556,3.556,4.47,1,0.286,2.094,2.832,3,0.888,8.244,8.504,4,3.044,3.044,3.802,1,11.47,11.47,12.32,1,75.444,77.734,78.66,2,7.386,7.386,8.276,1,30.402,35.91,36.886,2,3.088,3.56,4.592,2,4.17,4.17,4.874,1,6.668,68.95,70.492,3,4.738,4.738,6.76,1,3.562,3.562,4.418,1,15.226,25.472,27.642,2,3.172,3.172,4.33,1,4.552,4.552,5.318,1,1,"everything went smoothly","no",1,1,30,1,1,33.86,-118.18,-1
"52","R_2EaVOrRXxwyLPX7","Default Response Set","Anonymous",NA,NA,"41b1ae59c52289d6",0,"3/22/18 11:31","3/22/18 11:55",1,"7ec814c61dce5e60",NA,NA,1,1,1,0,0,7.165,0,1,0,0,191.302,0,1,5,1,5,1,1,1,1,5,1,1,5,3,5,3,4,5,5,5,5,5,1.364,1.364,2.209,1,3.7,3.7,4.339,1,2.417,4.009,4.92,2,5.162,5.162,6.245,1,5.344,6.584,7.207,2,0.572,5.219,5.85,2,2.192,2.192,2.86,1,33.685,33.685,34.355,1,1.915,2.211,3.177,2,8.228,9.108,9.844,2,3.024,3.024,3.728,1,3.426,9.331,11.146,3,2.85,2.85,4.272,1,4.851,16.043,17.058,2,3.839,5.297,6.143,2,5.933,5.933,7.595,1,5.641,5.641,6.399,1,2.369,2.954,3.646,2,507.739,688.58,689.547,4,12.1,12.1,13.145,1,2.179,2.179,2.993,1,1,"Some have obvious lower standards of living that would make choices more likely. ","no",1,1,27,1,1,34.07,-117.94,-1
"53","R_3GpnHHV5rHqt2AR","Default Response Set","Anonymous",NA,NA,"0f645ec921ec5aa5",0,"3/22/18 12:02","3/22/18 12:06",1,"7ec814c61dce5e60",NA,NA,1,1,1,0,0,6.413,0,1,6.002,6.002,6.548,1,1,1,1,1,1,1,1,1,5,3,1,5,5,5,3,5,2,5,5,5,5,3.33,3.33,4.237,1,5.083,5.083,6.512,1,3.518,5.46,5.853,3,17.4,17.4,18.314,1,5.176,5.176,6.215,1,2.457,2.457,3.549,1,5.857,5.857,8.215,1,8.61,8.61,9.819,1,4.641,4.641,5.71,1,8.631,8.631,9.757,1,5.455,5.455,6.436,1,6.407,6.407,7.139,1,8.59,8.59,9.529,1,8.356,8.356,10.05,1,5.255,5.255,6.214,1,5.224,5.224,6.011,1,9.407,9.407,10.741,1,3.81,3.81,4.807,1,3.189,5.417,6.503,4,3.015,3.355,3.997,2,4.314,4.314,5.024,1,1,"I chose the answer that made the most sense to me.","no, thank you!",1,1,38,1,1,40.55,-80.05,-1
